kind,gray,vdata,t_h,only,i_nA,vg
truth,고계조,3.0,0,,343.90720000000005,2.148994
cards,고계조,3.0,0,,622.0056000000001,1.701922
law,고계조,3.0,0,,621.9854,1.701951
sens,고계조,3.0,0,T1,343.90720000000005,2.148994
sens,고계조,3.0,0,T2,343.90720000000005,2.148994
sens,고계조,3.0,0,T3,343.90720000000005,2.148994
sens,고계조,3.0,0,T4,343.90720000000005,2.148994
sens,고계조,3.0,0,T5,343.90720000000005,2.148994
sens,고계조,3.0,0,T6,343.90720000000005,2.148994
truth,고계조,3.0,10,,339.4627,2.047566
cards,고계조,3.0,10,,608.1152000000001,1.610342
law,고계조,3.0,10,,607.3543000000001,1.609921
sens,고계조,3.0,10,T1,339.63620000000003,2.047683
sens,고계조,3.0,10,T2,343.907,2.148994
sens,고계조,3.0,10,T3,343.9887,2.148839
sens,고계조,3.0,10,T4,343.9069,2.148994
sens,고계조,3.0,10,T5,343.70009999999996,2.148971
sens,고계조,3.0,10,T6,343.8451,2.149072
truth,고계조,3.0,30,,336.5194,1.984418
cards,고계조,3.0,30,,596.8115,1.554641
law,고계조,3.0,30,,598.1282,1.554583
sens,고계조,3.0,30,T1,336.82550000000003,1.984599
sens,고계조,3.0,30,T2,343.90439999999995,2.148999
sens,고계조,3.0,30,T3,344.0381,2.148746
sens,고계조,3.0,30,T4,343.90590000000003,2.148996
sens,고계조,3.0,30,T5,343.5512,2.148951
sens,고계조,3.0,30,T6,343.8027,2.149125
truth,고계조,3.0,100,,331.22249999999997,1.87999
cards,고계조,3.0,100,,582.3833,1.46079
law,고계조,3.0,100,,581.5357,1.461556
sens,고계조,3.0,100,T1,331.7989,1.880266
sens,고계조,3.0,100,T2,343.9076,2.148993
sens,고계조,3.0,100,T3,344.1255,2.148581
sens,고계조,3.0,100,T4,343.906,2.148996
sens,고계조,3.0,100,T5,343.25419999999997,2.148912
sens,고계조,3.0,100,T6,343.7202,2.149225
truth,고계조,3.0,300,,323.4964,1.746429
cards,고계조,3.0,300,,558.6011,1.340466
law,고계조,3.0,300,,558.9585,1.339824
sens,고계조,3.0,300,T1,324.5275,1.746815
sens,고계조,3.0,300,T2,343.9084,2.148991
sens,고계조,3.0,300,T3,344.2323,2.148379
sens,고계조,3.0,300,T4,343.9063,2.148995
sens,고계조,3.0,300,T5,342.75169999999997,2.148845
sens,고계조,3.0,300,T6,343.5819,2.149393
truth,고계조,3.0,1000,,311.3309,1.557159
cards,고계조,3.0,1000,,529.202,1.170756
law,고계조,3.0,1000,,529.111,1.170917
sens,고계조,3.0,1000,T1,313.205,1.557647
sens,고계조,3.0,1000,T2,343.9061,2.148996
sens,고계조,3.0,1000,T3,344.3868,2.148087
sens,고계조,3.0,1000,T4,343.90709999999996,2.148994
sens,고계조,3.0,1000,T5,341.7975,2.148717
sens,고계조,3.0,1000,T6,343.29440000000005,2.149749
truth,고계조,3.0,3000,,300.03740000000005,1.350948
cards,고계조,3.0,3000,,496.24980000000005,0.9936093
law,고계조,3.0,3000,,501.83410000000003,1.010688
sens,고계조,3.0,3000,T1,302.81300000000005,1.351459
sens,고계조,3.0,3000,T2,343.90930000000003,2.14899
sens,고계조,3.0,3000,T3,344.5546,2.147769
sens,고계조,3.0,3000,T4,343.9067,2.148995
sens,고계조,3.0,3000,T5,340.7498,2.148579
sens,고계조,3.0,3000,T6,342.8931,2.15024
truth,중계조,3.6,0,,121.7191,2.676474
cards,중계조,3.6,0,,346.48530000000005,2.16304
law,중계조,3.6,0,,346.4831,2.163044
sens,중계조,3.6,0,T1,121.7191,2.676474
sens,중계조,3.6,0,T2,121.7191,2.676474
sens,중계조,3.6,0,T3,121.7191,2.676474
sens,중계조,3.6,0,T4,121.7191,2.676474
sens,중계조,3.6,0,T5,121.7191,2.676474
sens,중계조,3.6,0,T6,121.7191,2.676474
truth,중계조,3.6,10,,119.23850000000002,2.574991
cards,중계조,3.6,10,,336.19759999999997,2.071339
law,중계조,3.6,10,,335.8217,2.070795
sens,중계조,3.6,10,T1,119.2417,2.575136
sens,중계조,3.6,10,T2,121.7182,2.676477
sens,중계조,3.6,10,T3,121.7658,2.676325
sens,중계조,3.6,10,T4,121.7171,2.67648
sens,중계조,3.6,10,T5,121.67500000000001,2.676469
sens,중계조,3.6,10,T6,121.7068,2.676501
truth,중계조,3.6,30,,117.6498,2.511808
cards,중계조,3.6,30,,328.4758,2.015492
law,중계조,3.6,30,,329.175,2.015493
sens,중계조,3.6,30,T1,117.6616,2.512034
sens,중계조,3.6,30,T2,121.71900000000001,2.676475
sens,중계조,3.6,30,T3,121.7962,2.676227
sens,중계조,3.6,30,T4,121.71849999999999,2.676476
sens,중계조,3.6,30,T5,121.64439999999999,2.676461
sens,중계조,3.6,30,T6,121.69830000000002,2.67652
truth,중계조,3.6,100,,114.9126,2.407309
cards,중계조,3.6,100,,318.0347,1.921459
law,중계조,3.6,100,,317.6052,1.922187
sens,중계조,3.6,100,T1,114.94709999999999,2.407669
sens,중계조,3.6,100,T2,121.7195,2.676473
sens,중계조,3.6,100,T3,121.8463,2.676067
sens,중계조,3.6,100,T4,121.71770000000001,2.676479
sens,중계조,3.6,100,T5,121.58189999999999,2.676449
sens,중계조,3.6,100,T6,121.68169999999999,2.676556
truth,중계조,3.6,300,,111.1653,2.273646
cards,중계조,3.6,300,,301.9713,1.800876
law,중계조,3.6,300,,302.12309999999997,1.800315
sens,중계조,3.6,300,T1,111.24709999999999,2.274185
sens,중계조,3.6,300,T2,121.7191,2.676474
sens,중계조,3.6,300,T3,121.9108,2.675861
sens,중계조,3.6,300,T4,121.7171,2.67648
sens,중계조,3.6,300,T5,121.4786,2.676421
sens,중계조,3.6,300,T6,121.65100000000001,2.676625
truth,중계조,3.6,1000,,105.5865,2.084205
cards,중계조,3.6,1000,,281.9316,1.630798
law,중계조,3.6,1000,,281.91049999999996,1.630876
sens,중계조,3.6,1000,T1,105.7751,2.084968
sens,중계조,3.6,1000,T2,121.7193,2.676474
sens,중계조,3.6,1000,T3,121.9997,2.675577
sens,중계조,3.6,1000,T4,121.7167,2.676482
sens,중계조,3.6,1000,T5,121.27900000000001,2.676375
sens,중계조,3.6,1000,T6,121.5922,2.676754
truth,중계조,3.6,3000,,100.2226,1.877739
cards,중계조,3.6,3000,,260.1505,1.453148
law,중계조,3.6,3000,,263.8804,1.469947
sens,중계조,3.6,3000,T1,100.517,1.878723
sens,중계조,3.6,3000,T2,121.72149999999999,2.676466
sens,중계조,3.6,3000,T3,122.09929999999999,2.675259
sens,중계조,3.6,3000,T4,121.71860000000001,2.676476
sens,중계조,3.6,3000,T5,121.0598,2.676325
sens,중계조,3.6,3000,T6,121.5094,2.676934
truth,저계조,4.1,0,,25.03876,3.112851
cards,저계조,4.1,0,,182.1219,2.545321
law,저계조,4.1,0,,182.13219999999998,2.545291
sens,저계조,4.1,0,T1,25.03876,3.112851
sens,저계조,4.1,0,T2,25.03876,3.112851
sens,저계조,4.1,0,T3,25.03876,3.112851
sens,저계조,4.1,0,T4,25.03876,3.112851
sens,저계조,4.1,0,T5,25.03876,3.112851
sens,저계조,4.1,0,T6,25.03876,3.112851
truth,저계조,4.1,10,,24.04886,3.011271
cards,저계조,4.1,10,,174.77009999999999,2.45336
law,저계조,4.1,10,,174.567,2.45284
sens,저계조,4.1,10,T1,24.03376,3.011421
sens,저계조,4.1,10,T2,25.03859,3.112853
sens,저계조,4.1,10,T3,25.0576,3.112707
sens,저계조,4.1,10,T4,25.03863,3.112852
sens,저계조,4.1,10,T5,25.03509,3.11285
sens,저계조,4.1,10,T6,25.03764,3.112858
truth,저계조,4.1,30,,23.43718,2.948025
cards,저계조,4.1,30,,169.57260000000002,2.397442
law,저계조,4.1,30,,169.9127,2.397481
sens,저계조,4.1,30,T1,23.412580000000002,2.948273
sens,저계조,4.1,30,T2,25.03858,3.112853
sens,저계조,4.1,30,T3,25.07063,3.112607
sens,저계조,4.1,30,T4,25.03872,3.112852
sens,저계조,4.1,30,T5,25.03143,3.112856
sens,저계조,4.1,30,T6,25.03651,3.112865
truth,저계조,4.1,100,,22.42935,2.843418
cards,저계조,4.1,100,,162.19379999999998,2.303327
law,저계조,4.1,100,,162.0096,2.30402
sens,저계조,4.1,100,T1,22.3921,2.843816
sens,저계조,4.1,100,T2,25.03849,3.112853
sens,저계조,4.1,100,T3,25.09114,3.112451
sens,저계조,4.1,100,T4,25.038259999999998,3.112855
sens,저계조,4.1,100,T5,25.02689,3.112847
sens,저계조,4.1,100,T6,25.035600000000002,3.112868
truth,저계조,4.1,300,,21.14325,2.709618
cards,저계조,4.1,300,,151.6271,2.182441
law,저계조,4.1,300,,151.6626,2.181964
sens,저계조,4.1,300,T1,21.091359999999998,2.710214
sens,저계조,4.1,300,T2,25.03898,3.11285
sens,저계조,4.1,300,T3,25.11752,3.112249
sens,저계조,4.1,300,T4,25.03795,3.112858
sens,저계조,4.1,300,T5,25.017529999999997,3.112845
sens,저계조,4.1,300,T6,25.03284,3.112884
truth,저계조,4.1,1000,,19.36051,2.519966
cards,저계조,4.1,1000,,138.286,2.011917
law,저계조,4.1,1000,,138.2467,2.01215
sens,저계조,4.1,1000,T1,19.29258,2.520839
sens,저계조,4.1,1000,T2,25.03834,3.112855
sens,저계조,4.1,1000,T3,25.15472,3.111965
sens,저계조,4.1,1000,T4,25.03832,3.112855
sens,저계조,4.1,1000,T5,25.00128,3.112829
sens,저계조,4.1,1000,T6,25.027710000000003,3.112912
truth,저계조,4.1,3000,,17.606309999999997,2.313221
cards,저계조,4.1,3000,,124.2956,1.833874
law,저계조,4.1,3000,,126.47970000000001,1.850565
sens,저계조,4.1,3000,T1,17.52193,2.314391
sens,저계조,4.1,3000,T2,25.03964,3.112845
sens,저계조,4.1,3000,T3,25.19542,3.111654
sens,저계조,4.1,3000,T4,25.03865,3.112852
sens,저계조,4.1,3000,T5,24.98208,3.112821
sens,저계조,4.1,3000,T6,25.019560000000002,3.112958
